Métrique,Valeur
loss,0.4122854173183441
compile_metrics,0.8794867396354675
